﻿Name,Name2,Primary Type,Secondary type,Attack,Defense,HP,Sp.Attack,Sp.Defense,Speed,Total,Legendary
Bulbasaur,,GRASS,POISON,49,49,45,65,65,45,318,
Ivysaur,,GRASS,POISON,62,63,60,80,80,60,405,
Venusaur,,GRASS,POISON,82,83,80,100,100,80,525,
Venusaur,Mega Venusaur,GRASS,POISON,100,123,80,122,120,80,625,
Charmander,,FIRE,,52,43,39,60,50,65,309,
Charmeleon,,FIRE,,64,58,58,80,65,80,405,
Charizard,,FIRE,FLYING,84,78,78,109,85,100,534,
Charizard,Mega Charizard X,FIRE,DRAGON,130,111,78,130,85,100,634,
Charizard,Mega Charizard Y,FIRE,FLYING,104,78,78,159,115,100,634,
Squirtle,,WATER,,48,65,44,50,64,43,314,
Wartortle,,WATER,,63,80,59,65,80,58,405,
Blastoise,,WATER,,83,100,79,85,105,78,530,
Blastoise,Mega Blastoise,WATER,,103,120,79,135,115,78,630,
Caterpie,,BUG,,30,35,45,20,20,45,195,
Metapod,,BUG,,20,55,50,25,25,30,205,
Butterfree,,BUG,FLYING,45,50,60,90,80,70,395,
Weedle,,BUG,POISON,35,30,40,20,20,50,195,
Kakuna,,BUG,POISON,25,50,45,25,25,35,205,
Beedrill,,BUG,POISON,90,40,65,45,80,75,395,
Beedrill,Mega Beedrill,BUG,POISON,150,40,65,15,80,145,495,
Pidgey,,NORMAL,FLYING,45,40,40,35,35,56,251,
Pidgeotto,,NORMAL,FLYING,60,55,63,50,50,71,349,
Pidgeot,,NORMAL,FLYING,80,75,83,70,70,101,479,
Pidgeot,Mega Pidgeot,NORMAL,FLYING,80,80,83,135,80,121,579,
Rattata,,NORMAL,,56,35,30,25,35,72,253,
Rattata,Alolan Rattata,DARK,NORMAL,56,35,30,25,35,72,253,
Raticate,,NORMAL,,81,60,55,50,70,97,413,
Raticate,Alolan Raticate,DARK,NORMAL,71,70,75,40,80,77,413,
Spearow,,NORMAL,FLYING,60,30,40,31,31,70,262,
Fearow,,NORMAL,FLYING,90,65,65,61,61,100,442,
Ekans,,POISON,,60,44,35,40,54,55,288,
Arbok,,POISON,,95,69,60,65,79,80,448,
Pikachu,,ELECTRIC,,55,40,35,50,50,90,320,
Pikachu,Partner Pikachu,ELECTRIC,,80,50,45,75,60,120,430,
Raichu,,ELECTRIC,,90,55,60,90,80,110,485,
Raichu,Alolan Raichu,ELECTRIC,PSYCHIC,85,50,60,95,85,110,485,
Sandshrew,,GROUND,,75,85,50,20,30,40,300,
Sandshrew,Alolan Sandshrew,ICE,STEEL,75,90,50,10,35,40,300,
Sandslash,,GROUND,,100,110,75,45,55,65,450,
Sandslash,Alolan Sandslash,ICE,STEEL,100,120,75,25,65,65,450,
NidoranÔøΩ,,POISON,,47,52,55,40,40,41,275,
Nidorina,,POISON,,62,67,70,55,55,56,365,
Nidoqueen,,POISON,GROUND,92,87,90,75,85,76,505,
NidoranÔøΩ,,POISON,,57,40,46,40,40,50,273,
Nidorino,,POISON,,72,57,61,55,55,65,365,
Nidoking,,POISON,GROUND,102,77,81,85,75,85,505,
Clefairy,,FAIRY,,45,48,70,60,65,35,323,
Clefable,,FAIRY,,70,73,95,95,90,60,483,
Vulpix,,FIRE,,41,40,38,50,65,65,299,
Vulpix,Alolan Vulpix,ICE,,41,40,38,50,65,65,299,
Ninetales,,FIRE,,76,75,73,81,100,100,505,
Ninetales,Alolan Ninetales,ICE,FAIRY,67,75,73,81,100,109,505,
Jigglypuff,,NORMAL,FAIRY,45,20,115,45,25,20,270,
Wigglytuff,,NORMAL,FAIRY,70,45,140,85,50,45,435,
Zubat,,POISON,FLYING,45,35,40,30,40,55,245,
Golbat,,POISON,FLYING,80,70,75,65,75,90,455,
Oddish,,GRASS,POISON,50,55,45,75,65,30,320,
Gloom,,GRASS,POISON,65,70,60,85,75,40,395,
Vileplume,,GRASS,POISON,80,85,75,110,90,50,490,
Paras,,BUG,GRASS,70,55,35,45,55,25,285,
Parasect,,BUG,GRASS,95,80,60,60,80,30,405,
Venonat,,BUG,POISON,55,50,60,40,55,45,305,
Venomoth,,BUG,POISON,65,60,70,90,75,90,450,
Diglett,,GROUND,,55,25,10,35,45,95,265,
Diglett,Alolan Diglett,GROUND,STEEL,55,30,10,35,45,90,265,
Dugtrio,,GROUND,,100,50,35,50,70,120,425,
Dugtrio,Alolan Dugtrio,GROUND,STEEL,100,60,35,50,70,110,425,
Meowth,,NORMAL,,45,35,40,40,40,90,290,
Meowth,Alolan Meowth,DARK,,35,35,40,50,40,90,290,
Meowth,Galarian Meowth,STEEL,,65,55,50,40,40,40,290,
Persian,,NORMAL,,70,60,65,65,65,115,440,
Persian,Alolan Persian,DARK,,60,60,65,75,65,115,440,
Psyduck,,WATER,,52,48,50,65,50,55,320,
Golduck,,WATER,,82,78,80,95,80,85,500,
Mankey,,FIGHTING,,80,35,40,35,45,70,305,
Primeape,,FIGHTING,,105,60,65,60,70,95,455,
Growlithe,,FIRE,,70,45,55,70,50,60,350,
Arcanine,,FIRE,,110,80,90,100,80,95,555,
Poliwag,,WATER,,50,40,40,40,40,90,300,
Poliwhirl,,WATER,,65,65,65,50,50,90,385,
Poliwrath,,WATER,FIGHTING,95,95,90,70,90,70,510,
Abra,,PSYCHIC,,20,15,25,105,55,90,310,
Kadabra,,PSYCHIC,,35,30,40,120,70,105,400,
Alakazam,,PSYCHIC,,50,45,55,135,95,120,500,
Alakazam,Mega Alakazam,PSYCHIC,,50,65,55,175,105,150,600,
Machop,,FIGHTING,,80,50,70,35,35,35,305,
Machoke,,FIGHTING,,100,70,80,50,60,45,405,
Machamp,,FIGHTING,,130,80,90,65,85,55,505,
Bellsprout,,GRASS,POISON,75,35,50,70,30,40,300,
Weepinbell,,GRASS,POISON,90,50,65,85,45,55,390,
Victreebel,,GRASS,POISON,105,65,80,100,70,70,490,
Tentacool,,WATER,POISON,40,35,40,50,100,70,335,
Tentacruel,,WATER,POISON,70,65,80,80,120,100,515,
Geodude,,ROCK,GROUND,80,100,40,30,30,20,300,
Geodude,Alolan Geodude,ROCK,ELECTRIC,80,100,40,30,30,20,300,
Graveler,,ROCK,GROUND,95,115,55,45,45,35,390,
Graveler,Alolan Graveler,ROCK,ELECTRIC,95,115,55,45,45,35,390,
Golem,,ROCK,GROUND,120,130,80,55,65,45,495,
Golem,Alolan Golem,ROCK,ELECTRIC,120,130,80,55,65,45,495,
Ponyta,,FIRE,,85,55,50,65,65,90,410,
Ponyta,Galarian Ponyta,PSYCHIC,,85,55,50,65,65,90,410,
Rapidash,,FIRE,,100,70,65,80,80,105,500,
Rapidash,Galarian Rapidash,PSYCHIC,FAIRY,100,70,65,80,80,105,500,
Slowpoke,,WATER,PSYCHIC,65,65,90,40,40,15,315,
Slowpoke,Galarian Slowpoke,PSYCHIC,,65,65,90,40,40,15,315,
Slowbro,,WATER,PSYCHIC,75,110,95,100,80,30,490,
Slowbro,Mega Slowbro,WATER,PSYCHIC,75,180,95,130,80,30,590,
Slowbro,Galarian Slowbro,POISON,PSYCHIC,100,95,95,100,70,30,490,
Magnemite,,ELECTRIC,STEEL,35,70,25,95,55,45,325,
Magneton,,ELECTRIC,STEEL,60,95,50,120,70,70,465,
Farfetch'd,,NORMAL,FLYING,90,55,52,58,62,60,377,
Farfetch'd,Galarian Farfetch'd,FIGHTING,,95,55,52,58,62,55,377,
Doduo,,NORMAL,FLYING,85,45,35,35,35,75,310,
Dodrio,,NORMAL,FLYING,110,70,60,60,60,110,470,
Seel,,WATER,,45,55,65,45,70,45,325,
Dewgong,,WATER,ICE,70,80,90,70,95,70,475,
Grimer,,POISON,,80,50,80,40,50,25,325,
Grimer,Alolan Grimer,POISON,DARK,80,50,80,40,50,25,325,
Muk,,POISON,,105,75,105,65,100,50,500,
Muk,Alolan Muk,POISON,DARK,105,75,105,65,100,50,500,
Shellder,,WATER,,65,100,30,45,25,40,305,
Cloyster,,WATER,ICE,95,180,50,85,45,70,525,
Gastly,,GHOST,POISON,35,30,30,100,35,80,310,
Haunter,,GHOST,POISON,50,45,45,115,55,95,405,
Gengar,,GHOST,POISON,65,60,60,130,75,110,500,
Gengar,Mega Gengar,GHOST,POISON,65,80,60,170,95,130,600,
Onix,,ROCK,GROUND,45,160,35,30,45,70,385,
Drowzee,,PSYCHIC,,48,45,60,43,90,42,328,
Hypno,,PSYCHIC,,73,70,85,73,115,67,483,
Krabby,,WATER,,105,90,30,25,25,50,325,
Kingler,,WATER,,130,115,55,50,50,75,475,
Voltorb,,ELECTRIC,,30,50,40,55,55,100,330,
Electrode,,ELECTRIC,,50,70,60,80,80,150,490,
Exeggcute,,GRASS,PSYCHIC,40,80,60,60,45,40,325,
Exeggutor,,GRASS,PSYCHIC,95,85,95,125,75,55,530,
Exeggutor,Alolan Exeggutor,GRASS,DRAGON,105,85,95,125,75,45,530,
Cubone,,GROUND,,50,95,50,40,50,35,320,
Marowak,,GROUND,,80,110,60,50,80,45,425,
Marowak,Alolan Marowak,FIRE,GHOST,80,110,60,50,80,45,425,
Hitmonlee,,FIGHTING,,120,53,50,35,110,87,455,
Hitmonchan,,FIGHTING,,105,79,50,35,110,76,455,
Lickitung,,NORMAL,,55,75,90,60,75,30,385,
Koffing,,POISON,,65,95,40,60,45,35,340,
Weezing,,POISON,,90,120,65,85,70,60,490,
Weezing,Galarian Weezing,POISON,FAIRY,90,120,65,85,70,60,490,
Rhyhorn,,GROUND,ROCK,85,95,80,30,30,25,345,
Rhydon,,GROUND,ROCK,130,120,105,45,45,40,485,
Chansey,,NORMAL,,5,5,250,35,105,50,450,
Tangela,,GRASS,,55,115,65,100,40,60,435,
Kangaskhan,,NORMAL,,95,80,105,40,80,90,490,
Kangaskhan,Mega Kangaskhan,NORMAL,,125,100,105,60,100,100,590,
Horsea,,WATER,,40,70,30,70,25,60,295,
Seadra,,WATER,,65,95,55,95,45,85,440,
Goldeen,,WATER,,67,60,45,35,50,63,320,
Seaking,,WATER,,92,65,80,65,80,68,450,
Staryu,,WATER,,45,55,30,70,55,85,340,
Starmie,,WATER,PSYCHIC,75,85,60,100,85,115,520,
Mr. Mime,,PSYCHIC,FAIRY,45,65,40,100,120,90,460,
Mr. Mime,Galarian Mr. Mime,ICE,PSYCHIC,65,65,50,90,90,100,460,
Scyther,,BUG,FLYING,110,80,70,55,80,105,500,
Jynx,,ICE,PSYCHIC,50,35,65,115,95,95,455,
Electabuzz,,ELECTRIC,,83,57,65,95,85,105,490,
Magmar,,FIRE,,95,57,65,100,85,93,495,
Pinsir,,BUG,,125,100,65,55,70,85,500,
Pinsir,Mega Pinsir,BUG,FLYING,155,120,65,65,90,105,600,
Tauros,,NORMAL,,100,95,75,40,70,110,490,
Magikarp,,WATER,,10,55,20,15,20,80,200,
Gyarados,,WATER,FLYING,125,79,95,60,100,81,540,
Gyarados,Mega Gyarados,WATER,DARK,155,109,95,70,130,81,640,
Lapras,,WATER,ICE,85,80,130,85,95,60,535,
Ditto,,NORMAL,,48,48,48,48,48,48,288,
Eevee,,NORMAL,,55,50,55,45,65,55,325,
Eevee,Partner Eevee,NORMAL,,75,70,65,65,85,75,435,
Vaporeon,,WATER,,65,60,130,110,95,65,525,
Jolteon,,ELECTRIC,,65,60,65,110,95,130,525,
Flareon,,FIRE,,130,60,65,95,110,65,525,
Porygon,,NORMAL,,60,70,65,85,75,40,395,
Omanyte,,ROCK,WATER,40,100,35,90,55,35,355,
Omastar,,ROCK,WATER,60,125,70,115,70,55,495,
Kabuto,,ROCK,WATER,80,90,30,55,45,55,355,
Kabutops,,ROCK,WATER,115,105,60,65,70,80,495,
Aerodactyl,,ROCK,FLYING,105,65,80,60,75,130,515,
Aerodactyl,Mega Aerodactyl,ROCK,FLYING,135,85,80,70,95,150,615,
Snorlax,,NORMAL,,110,65,160,65,110,30,540,
Articuno,,ICE,FLYING,85,100,90,95,125,85,580,Yes
Articuno,Galarian Articuno,PSYCHIC,FLYING,85,85,90,125,100,95,580,Yes
Zapdos,,ELECTRIC,FLYING,90,85,90,125,90,100,580,Yes
Zapdos,Galarian Zapdos,FIGHTING,FLYING,125,90,90,85,90,100,580,Yes
Moltres,,FIRE,FLYING,100,90,90,125,85,90,580,Yes
Moltres,Galarian Moltres,DARK,FLYING,85,90,90,100,125,90,580,Yes
Dratini,,DRAGON,,64,45,41,50,50,50,300,
Dragonair,,DRAGON,,84,65,61,70,70,70,420,
Dragonite,,DRAGON,FLYING,134,95,91,100,100,80,600,
Mewtwo,,PSYCHIC,,110,90,106,154,90,130,680,Yes
Mewtwo,Mega Mewtwo X,PSYCHIC,FIGHTING,190,100,106,154,100,130,780,Yes
Mewtwo,Mega Mewtwo Y,PSYCHIC,,150,70,106,194,120,140,780,Yes
Mew,,PSYCHIC,,100,100,100,100,100,100,600,Yes
Chikorita,,GRASS,,49,65,45,49,65,45,318,
Bayleef,,GRASS,,62,80,60,63,80,60,405,
Meganium,,GRASS,,82,100,80,83,100,80,525,
Cyndaquil,,FIRE,,52,43,39,60,50,65,309,
Quilava,,FIRE,,64,58,58,80,65,80,405,
Typhlosion,,FIRE,,84,78,78,109,85,100,534,
Totodile,,WATER,,65,64,50,44,48,43,314,
Croconaw,,WATER,,80,80,65,59,63,58,405,
Feraligatr,,WATER,,105,100,85,79,83,78,530,
Sentret,,NORMAL,,46,34,35,35,45,20,215,
Furret,,NORMAL,,76,64,85,45,55,90,415,
Hoothoot,,NORMAL,FLYING,30,30,60,36,56,50,262,
Noctowl,,NORMAL,FLYING,50,50,100,86,96,70,452,
Ledyba,,BUG,FLYING,20,30,40,40,80,55,265,
Ledian,,BUG,FLYING,35,50,55,55,110,85,390,
Spinarak,,BUG,POISON,60,40,40,40,40,30,250,
Ariados,,BUG,POISON,90,70,70,60,70,40,400,
Crobat,,POISON,FLYING,90,80,85,70,80,130,535,
Chinchou,,WATER,ELECTRIC,38,38,75,56,56,67,330,
Lanturn,,WATER,ELECTRIC,58,58,125,76,76,67,460,
Pichu,,ELECTRIC,,40,15,20,35,35,60,205,
Cleffa,,FAIRY,,25,28,50,45,55,15,218,
Igglybuff,,NORMAL,FAIRY,30,15,90,40,20,15,210,
Togepi,,FAIRY,,20,65,35,40,65,20,245,
Togetic,,FAIRY,FLYING,40,85,55,80,105,40,405,
Natu,,PSYCHIC,FLYING,50,45,40,70,45,70,320,
Xatu,,PSYCHIC,FLYING,75,70,65,95,70,95,470,
Mareep,,ELECTRIC,,40,40,55,65,45,35,280,
Flaaffy,,ELECTRIC,,55,55,70,80,60,45,365,
Ampharos,,ELECTRIC,,75,85,90,115,90,55,510,
Ampharos,Mega Ampharos,ELECTRIC,DRAGON,95,105,90,165,110,45,610,
Bellossom,,GRASS,,80,95,75,90,100,50,490,
Marill,,WATER,FAIRY,20,50,70,20,50,40,250,
Azumarill,,WATER,FAIRY,50,80,100,60,80,50,420,
Sudowoodo,,ROCK,,100,115,70,30,65,30,410,
Politoed,,WATER,,75,75,90,90,100,70,500,
Hoppip,,GRASS,FLYING,35,40,35,35,55,50,250,
Skiploom,,GRASS,FLYING,45,50,55,45,65,80,340,
Jumpluff,,GRASS,FLYING,55,70,75,55,95,110,460,
Aipom,,NORMAL,,70,55,55,40,55,85,360,
Sunkern,,GRASS,,30,30,30,30,30,30,180,
Sunflora,,GRASS,,75,55,75,105,85,30,425,
Yanma,,BUG,FLYING,65,45,65,75,45,95,390,
Wooper,,WATER,GROUND,45,45,55,25,25,15,210,
Quagsire,,WATER,GROUND,85,85,95,65,65,35,430,
Espeon,,PSYCHIC,,65,60,65,130,95,110,525,
Umbreon,,DARK,,65,110,95,60,130,65,525,
Murkrow,,DARK,FLYING,85,42,60,85,42,91,405,
Slowking,,WATER,PSYCHIC,75,80,95,100,110,30,490,
Slowking,Galarian Slowking,POISON,PSYCHIC,65,80,95,110,110,30,490,
Misdreavus,,GHOST,,60,60,60,85,85,85,435,
Unown,,PSYCHIC,,72,48,48,72,48,48,336,
Wobbuffet,,PSYCHIC,,33,58,190,33,58,33,405,
Girafarig,,NORMAL,PSYCHIC,80,65,70,90,65,85,455,
Pineco,,BUG,,65,90,50,35,35,15,290,
Forretress,,BUG,STEEL,90,140,75,60,60,40,465,
Dunsparce,,NORMAL,,70,70,100,65,65,45,415,
Gligar,,GROUND,FLYING,75,105,65,35,65,85,430,
Steelix,,STEEL,GROUND,85,200,75,55,65,30,510,
Steelix,Mega Steelix,STEEL,GROUND,125,230,75,55,95,30,610,
Snubbull,,FAIRY,,80,50,60,40,40,30,300,
Granbull,,FAIRY,,120,75,90,60,60,45,450,
Qwilfish,,WATER,POISON,95,85,65,55,55,85,440,
Scizor,,BUG,STEEL,130,100,70,55,80,65,500,
Scizor,Mega Scizor,BUG,STEEL,150,140,70,65,100,75,600,
Shuckle,,BUG,ROCK,10,230,20,10,230,5,505,
Heracross,,BUG,FIGHTING,125,75,80,40,95,85,500,
Heracross,Mega Heracross,BUG,FIGHTING,185,115,80,40,105,75,600,
Sneasel,,DARK,ICE,95,55,55,35,75,115,430,
Teddiursa,,NORMAL,,80,50,60,50,50,40,330,
Ursaring,,NORMAL,,130,75,90,75,75,55,500,
Slugma,,FIRE,,40,40,40,70,40,20,250,
Magcargo,,FIRE,ROCK,50,120,60,90,80,30,430,
Swinub,,ICE,GROUND,50,40,50,30,30,50,250,
Piloswine,,ICE,GROUND,100,80,100,60,60,50,450,
Corsola,,WATER,ROCK,55,95,65,65,95,35,410,
Corsola,Galarian Corsola,GHOST,,55,100,60,65,100,30,410,
Remoraid,,WATER,,65,35,35,65,35,65,300,
Octillery,,WATER,,105,75,75,105,75,45,480,
Delibird,,ICE,FLYING,55,45,45,65,45,75,330,
Mantine,,WATER,FLYING,40,70,85,80,140,70,485,
Skarmory,,STEEL,FLYING,80,140,65,40,70,70,465,
Houndour,,DARK,FIRE,60,30,45,80,50,65,330,
Houndoom,,DARK,FIRE,90,50,75,110,80,95,500,
Houndoom,Mega Houndoom,DARK,FIRE,90,90,75,140,90,115,600,
Kingdra,,WATER,DRAGON,95,95,75,95,95,85,540,
Phanpy,,GROUND,,60,60,90,40,40,40,330,
Donphan,,GROUND,,120,120,90,60,60,50,500,
Porygon2,,NORMAL,,80,90,85,105,95,60,515,
Stantler,,NORMAL,,95,62,73,85,65,85,465,
Smeargle,,NORMAL,,20,35,55,20,45,75,250,
Tyrogue,,FIGHTING,,35,35,35,35,35,35,210,
Hitmontop,,FIGHTING,,95,95,50,35,110,70,455,
Smoochum,,ICE,PSYCHIC,30,15,45,85,65,65,305,
Elekid,,ELECTRIC,,63,37,45,65,55,95,360,
Magby,,FIRE,,75,37,45,70,55,83,365,
Miltank,,NORMAL,,80,105,95,40,70,100,490,
Blissey,,NORMAL,,10,10,255,75,135,55,540,
Raikou,,ELECTRIC,,85,75,90,115,100,115,580,
Entei,,FIRE,,115,85,115,90,75,100,580,
Suicune,,WATER,,75,115,100,90,115,85,580,
Larvitar,,ROCK,GROUND,64,50,50,45,50,41,300,
Pupitar,,ROCK,GROUND,84,70,70,65,70,51,410,
Tyranitar,,ROCK,DARK,134,110,100,95,100,61,600,
Tyranitar,Mega Tyranitar,ROCK,DARK,164,150,100,95,120,71,700,
Lugia,,PSYCHIC,FLYING,90,130,106,90,154,110,680,Yes
Ho-oh,,FIRE,FLYING,130,90,106,110,154,90,680,Yes
Celebi,,PSYCHIC,GRASS,100,100,100,100,100,100,600,Yes
Treecko,,GRASS,,45,35,40,65,55,70,310,
Grovyle,,GRASS,,65,45,50,85,65,95,405,
Sceptile,,GRASS,,85,65,70,105,85,120,530,
Sceptile,Mega Sceptile,GRASS,DRAGON,110,75,70,145,85,145,630,
Torchic,,FIRE,,60,40,45,70,50,45,310,
Combusken,,FIRE,FIGHTING,85,60,60,85,60,55,405,
Blaziken,,FIRE,FIGHTING,120,70,80,110,70,80,530,
Blaziken,Mega Blaziken,FIRE,FIGHTING,160,80,80,130,80,100,630,
Mudkip,,WATER,,70,50,50,50,50,40,310,
Marshtomp,,WATER,GROUND,85,70,70,60,70,50,405,
Swampert,,WATER,GROUND,110,90,100,85,90,60,535,
Swampert,Mega Swampert,WATER,GROUND,150,110,100,95,110,70,635,
Poochyena,,DARK,,55,35,35,30,30,35,220,
Mightyena,,DARK,,90,70,70,60,60,70,420,
Zigzagoon,,NORMAL,,30,41,38,30,41,60,240,
Zigzagoon,Galarian Zigzagoon,DARK,NORMAL,30,41,38,30,41,60,240,
Linoone,,NORMAL,,70,61,78,50,61,100,420,
Linoone,Galarian Linoone,DARK,NORMAL,70,61,78,50,61,100,420,
Wurmple,,BUG,,45,35,45,20,30,20,195,
Silcoon,,BUG,,35,55,50,25,25,15,205,
Beautifly,,BUG,FLYING,70,50,60,100,50,65,395,
Cascoon,,BUG,,35,55,50,25,25,15,205,
Dustox,,BUG,POISON,50,70,60,50,90,65,385,
Lotad,,WATER,GRASS,30,30,40,40,50,30,220,
Lombre,,WATER,GRASS,50,50,60,60,70,50,340,
Ludicolo,,WATER,GRASS,70,70,80,90,100,70,480,
Seedot,,GRASS,,40,50,40,30,30,30,220,
Nuzleaf,,GRASS,DARK,70,40,70,60,40,60,340,
Shiftry,,GRASS,DARK,100,60,90,90,60,80,480,
Taillow,,NORMAL,FLYING,55,30,40,30,30,85,270,
Swellow,,NORMAL,FLYING,85,60,60,75,50,125,455,
Wingull,,WATER,FLYING,30,30,40,55,30,85,270,
Pelipper,,WATER,FLYING,50,100,60,95,70,65,440,
Ralts,,PSYCHIC,FAIRY,25,25,28,45,35,40,198,
Kirlia,,PSYCHIC,FAIRY,35,35,38,65,55,50,278,
Gardevoir,,PSYCHIC,FAIRY,65,65,68,125,115,80,518,
Gardevoir,Mega Gardevoir,PSYCHIC,FAIRY,85,65,68,165,135,100,618,
Surskit,,BUG,WATER,30,32,40,50,52,65,269,
Masquerain,,BUG,FLYING,60,62,70,100,82,80,454,
Shroomish,,GRASS,,40,60,60,40,60,35,295,
Breloom,,GRASS,FIGHTING,130,80,60,60,60,70,460,
Slakoth,,NORMAL,,60,60,60,35,35,30,280,
Vigoroth,,NORMAL,,80,80,80,55,55,90,440,
Slaking,,NORMAL,,160,100,150,95,65,100,670,
Nincada,,BUG,GROUND,45,90,31,30,30,40,266,
Ninjask,,BUG,FLYING,90,45,61,50,50,160,456,
Shedinja,,BUG,GHOST,90,45,1,30,30,40,236,
Whismur,,NORMAL,,51,23,64,51,23,28,240,
Loudred,,NORMAL,,71,43,84,71,43,48,360,
Exploud,,NORMAL,,91,63,104,91,73,68,490,
Makuhita,,FIGHTING,,60,30,72,20,30,25,237,
Hariyama,,FIGHTING,,120,60,144,40,60,50,474,
Azurill,,NORMAL,FAIRY,20,40,50,20,40,20,190,
Nosepass,,ROCK,,45,135,30,45,90,30,375,
Skitty,,NORMAL,,45,45,50,35,35,50,260,
Delcatty,,NORMAL,,65,65,70,55,55,90,400,
Sableye,,DARK,GHOST,75,75,50,65,65,50,380,
Sableye,Mega Sableye,DARK,GHOST,85,125,50,85,115,20,480,
Mawile,,STEEL,FAIRY,85,85,50,55,55,50,380,
Mawile,Mega Mawile,STEEL,FAIRY,105,125,50,55,95,50,480,
Aron,,STEEL,ROCK,70,100,50,40,40,30,330,
Lairon,,STEEL,ROCK,90,140,60,50,50,40,430,
Aggron,,STEEL,ROCK,110,180,70,60,60,50,530,
Aggron,Mega Aggron,STEEL,,140,230,70,60,80,50,630,
Meditite,,FIGHTING,PSYCHIC,40,55,30,40,55,60,280,
Medicham,,FIGHTING,PSYCHIC,60,75,60,60,75,80,410,
Medicham,Mega Medicham,FIGHTING,PSYCHIC,100,85,60,80,85,100,510,
Electrike,,ELECTRIC,,45,40,40,65,40,65,295,
Manectric,,ELECTRIC,,75,60,70,105,60,105,475,
Manectric,Mega Manectric,ELECTRIC,,75,80,70,135,80,135,575,
Plusle,,ELECTRIC,,50,40,60,85,75,95,405,
Minun,,ELECTRIC,,40,50,60,75,85,95,405,
Volbeat,,BUG,,73,75,65,47,85,85,430,
Illumise,,BUG,,47,75,65,73,85,85,430,
Roselia,,GRASS,POISON,60,45,50,100,80,65,400,
Gulpin,,POISON,,43,53,70,43,53,40,302,
Swalot,,POISON,,73,83,100,73,83,55,467,
Carvanha,,WATER,DARK,90,20,45,65,20,65,305,
Sharpedo,,WATER,DARK,120,40,70,95,40,95,460,
Sharpedo,Mega Sharpedo,WATER,DARK,140,70,70,110,65,105,560,
Wailmer,,WATER,,70,35,130,70,35,60,400,
Wailord,,WATER,,90,45,170,90,45,60,500,
Numel,,FIRE,GROUND,60,40,60,65,45,35,305,
Camerupt,,FIRE,GROUND,100,70,70,105,75,40,460,
Camerupt,Mega Camerupt,FIRE,GROUND,120,100,70,145,105,20,560,
Torkoal,,FIRE,,85,140,70,85,70,20,470,
Spoink,,PSYCHIC,,25,35,60,70,80,60,330,
Grumpig,,PSYCHIC,,45,65,80,90,110,80,470,
Spinda,,NORMAL,,60,60,60,60,60,60,360,
Trapinch,,GROUND,,100,45,45,45,45,10,290,
Vibrava,,GROUND,DRAGON,70,50,50,50,50,70,340,
Flygon,,GROUND,DRAGON,100,80,80,80,80,100,520,
Cacnea,,GRASS,,85,40,50,85,40,35,335,
Cacturne,,GRASS,DARK,115,60,70,115,60,55,475,
Swablu,,NORMAL,FLYING,40,60,45,40,75,50,310,
Altaria,,DRAGON,FLYING,70,90,75,70,105,80,490,
Altaria,Mega Altaria,DRAGON,FAIRY,110,110,75,110,105,80,590,
Zangoose,,NORMAL,,115,60,73,60,60,90,458,
Seviper,,POISON,,100,60,73,100,60,65,458,
Lunatone,,ROCK,PSYCHIC,55,65,90,95,85,70,460,
Solrock,,ROCK,PSYCHIC,95,85,90,55,65,70,460,
Barboach,,WATER,GROUND,48,43,50,46,41,60,288,
Whiscash,,WATER,GROUND,78,73,110,76,71,60,468,
Corphish,,WATER,,80,65,43,50,35,35,308,
Crawdaunt,,WATER,DARK,120,85,63,90,55,55,468,
Baltoy,,GROUND,PSYCHIC,40,55,40,40,70,55,300,
Claydol,,GROUND,PSYCHIC,70,105,60,70,120,75,500,
Lileep,,ROCK,GRASS,41,77,66,61,87,23,355,
Cradily,,ROCK,GRASS,81,97,86,81,107,43,495,
Anorith,,ROCK,BUG,95,50,45,40,50,75,355,
Armaldo,,ROCK,BUG,125,100,75,70,80,45,495,
Feebas,,WATER,,15,20,20,10,55,80,200,
Milotic,,WATER,,60,79,95,100,125,81,540,
Castform,,NORMAL,,70,70,70,70,70,70,420,
Castform,Sunny Form,FIRE,,70,70,70,70,70,70,420,
Castform,Rainy Form,WATER,,70,70,70,70,70,70,420,
Castform,Snowy Form,ICE,,70,70,70,70,70,70,420,
Kecleon,,NORMAL,,90,70,60,60,120,40,440,
Shuppet,,GHOST,,75,35,44,63,33,45,295,
Banette,,GHOST,,115,65,64,83,63,65,455,
Banette,Mega Banette,GHOST,,165,75,64,93,83,75,555,
Duskull,,GHOST,,40,90,20,30,90,25,295,
Dusclops,,GHOST,,70,130,40,60,130,25,455,
Tropius,,GRASS,FLYING,68,83,99,72,87,51,460,
Chimecho,,PSYCHIC,,50,80,75,95,90,65,455,
Absol,,DARK,,130,60,65,75,60,75,465,
Absol,Mega Absol,DARK,,150,60,65,115,60,115,565,
Wynaut,,PSYCHIC,,23,48,95,23,48,23,260,
Snorunt,,ICE,,50,50,50,50,50,50,300,
Glalie,,ICE,,80,80,80,80,80,80,480,
Glalie,Mega Glalie,ICE,,120,80,80,120,80,100,580,
Spheal,,ICE,WATER,40,50,70,55,50,25,290,
Sealeo,,ICE,WATER,60,70,90,75,70,45,410,
Walrein,,ICE,WATER,80,90,110,95,90,65,530,
Clamperl,,WATER,,64,85,35,74,55,32,345,
Huntail,,WATER,,104,105,55,94,75,52,485,
Gorebyss,,WATER,,84,105,55,114,75,52,485,
Relicanth,,WATER,ROCK,90,130,100,45,65,55,485,
Luvdisc,,WATER,,30,55,43,40,65,97,330,
Bagon,,DRAGON,,75,60,45,40,30,50,300,
Shelgon,,DRAGON,,95,100,65,60,50,50,420,
Salamence,,DRAGON,FLYING,135,80,95,110,80,100,600,
Salamence,Mega Salamence,DRAGON,FLYING,145,130,95,120,90,120,700,
Beldum,,STEEL,PSYCHIC,55,80,40,35,60,30,300,
Metang,,STEEL,PSYCHIC,75,100,60,55,80,50,420,
Metagross,,STEEL,PSYCHIC,135,130,80,95,90,70,600,
Metagross,Mega Metagross,STEEL,PSYCHIC,145,150,80,105,110,110,700,
Regirock,,ROCK,,100,200,80,50,100,50,580,Yes
Regice,,ICE,,50,100,80,100,200,50,580,Yes
Registeel,,STEEL,,75,150,80,75,150,50,580,Yes
Latias,,DRAGON,PSYCHIC,80,90,80,110,130,110,600,Yes
Latias,Mega Latias,DRAGON,PSYCHIC,100,120,80,140,150,110,700,Yes
Latios,,DRAGON,PSYCHIC,90,80,80,130,110,110,600,Yes
Latios,Mega Latios,DRAGON,PSYCHIC,130,100,80,160,120,110,700,Yes
Kyogre,,WATER,,100,90,100,150,140,90,670,Yes
Kyogre,Primal Kyogre,WATER,,150,90,100,180,160,90,770,Yes
Groudon,,GROUND,,150,140,100,100,90,90,670,Yes
Groudon,Primal Groudon,GROUND,FIRE,180,160,100,150,90,90,770,Yes
Rayquaza,,DRAGON,FLYING,150,90,105,150,90,95,680,Yes
Rayquaza,Mega Rayquaza,DRAGON,FLYING,180,100,105,180,100,115,780,Yes
Jirachi,,STEEL,PSYCHIC,100,100,100,100,100,100,600,Yes
Deoxys,Normal Forme,PSYCHIC,,150,50,50,150,50,150,600,Yes
Deoxys,Attack Forme,PSYCHIC,,180,20,50,180,20,150,600,Yes
Deoxys,Defense Forme,PSYCHIC,,70,160,50,70,160,90,600,Yes
Deoxys,Speed Forme,PSYCHIC,,95,90,50,95,90,180,600,Yes
Turtwig,,GRASS,,68,64,55,45,55,31,318,
Grotle,,GRASS,,89,85,75,55,65,36,405,
Torterra,,GRASS,GROUND,109,105,95,75,85,56,525,
Chimchar,,FIRE,,58,44,44,58,44,61,309,
Monferno,,FIRE,FIGHTING,78,52,64,78,52,81,405,
Infernape,,FIRE,FIGHTING,104,71,76,104,71,108,534,
Piplup,,WATER,,51,53,53,61,56,40,314,
Prinplup,,WATER,,66,68,64,81,76,50,405,
Empoleon,,WATER,STEEL,86,88,84,111,101,60,530,
Starly,,NORMAL,FLYING,55,30,40,30,30,60,245,
Staravia,,NORMAL,FLYING,75,50,55,40,40,80,340,
Staraptor,,NORMAL,FLYING,120,70,85,50,60,100,485,
Bidoof,,NORMAL,,45,40,59,35,40,31,250,
Bibarel,,NORMAL,WATER,85,60,79,55,60,71,410,
Kricketot,,BUG,,25,41,37,25,41,25,194,
Kricketune,,BUG,,85,51,77,55,51,65,384,
Shinx,,ELECTRIC,,65,34,45,40,34,45,263,
Luxio,,ELECTRIC,,85,49,60,60,49,60,363,
Luxray,,ELECTRIC,,120,79,80,95,79,70,523,
Budew,,GRASS,POISON,30,35,40,50,70,55,280,
Roserade,,GRASS,POISON,70,65,60,125,105,90,515,
Cranidos,,ROCK,,125,40,67,30,30,58,350,
Rampardos,,ROCK,,165,60,97,65,50,58,495,
Shieldon,,ROCK,STEEL,42,118,30,42,88,30,350,
Bastiodon,,ROCK,STEEL,52,168,60,47,138,30,495,
Burmy,,BUG,,29,45,40,29,45,36,224,
Wormadam,Plant Cloak,BUG,GRASS,59,85,60,79,105,36,424,
Wormadam,Sandy Cloak,BUG,GROUND,79,105,60,59,85,36,424,
Wormadam,Trash Cloak,BUG,STEEL,69,95,60,69,95,36,424,
Mothim,,BUG,FLYING,94,50,70,94,50,66,424,
Combee,,BUG,FLYING,30,42,30,30,42,70,244,
Vespiquen,,BUG,FLYING,80,102,70,80,102,40,474,
Pachirisu,,ELECTRIC,,45,70,60,45,90,95,405,
Buizel,,WATER,,65,35,55,60,30,85,330,
Floatzel,,WATER,,105,55,85,85,50,115,495,
Cherubi,,GRASS,,35,45,45,62,53,35,275,
Cherrim,,GRASS,,60,70,70,87,78,85,450,
Shellos,,WATER,,48,48,76,57,62,34,325,
Gastrodon,,WATER,GROUND,83,68,111,92,82,39,475,
Ambipom,,NORMAL,,100,66,75,60,66,115,482,
Drifloon,,GHOST,FLYING,50,34,90,60,44,70,348,
Drifblim,,GHOST,FLYING,80,44,150,90,54,80,498,
Buneary,,NORMAL,,66,44,55,44,56,85,350,
Lopunny,,NORMAL,,76,84,65,54,96,105,480,
Lopunny,Mega Lopunny,NORMAL,FIGHTING,136,94,65,54,96,135,580,
Mismagius,,GHOST,,60,60,60,105,105,105,495,
Honchkrow,,DARK,FLYING,125,52,100,105,52,71,505,
Glameow,,NORMAL,,55,42,49,42,37,85,310,
Purugly,,NORMAL,,82,64,71,64,59,112,452,
Chingling,,PSYCHIC,,30,50,45,65,50,45,285,
Stunky,,POISON,DARK,63,47,63,41,41,74,329,
Skuntank,,POISON,DARK,93,67,103,71,61,84,479,
Bronzor,,STEEL,PSYCHIC,24,86,57,24,86,23,300,
Bronzong,,STEEL,PSYCHIC,89,116,67,79,116,33,500,
Bonsly,,ROCK,,80,95,50,10,45,10,290,
Mime Jr.,,PSYCHIC,FAIRY,25,45,20,70,90,60,310,
Happiny,,NORMAL,,5,5,100,15,65,30,220,
Chatot,,NORMAL,FLYING,65,45,76,92,42,91,411,
Spiritomb,,GHOST,DARK,92,108,50,92,108,35,485,
Gible,,DRAGON,GROUND,70,45,58,40,45,42,300,
Gabite,,DRAGON,GROUND,90,65,68,50,55,82,410,
Garchomp,,DRAGON,GROUND,130,95,108,80,85,102,600,
Garchomp,Mega Garchomp,DRAGON,GROUND,170,115,108,120,95,92,700,
Munchlax,,NORMAL,,85,40,135,40,85,5,390,
Riolu,,FIGHTING,,70,40,40,35,40,60,285,
Lucario,,FIGHTING,STEEL,110,70,70,115,70,90,525,
Lucario,Mega Lucario,FIGHTING,STEEL,145,88,70,140,70,112,625,
Hippopotas,,GROUND,,72,78,68,38,42,32,330,
Hippowdon,,GROUND,,112,118,108,68,72,47,525,
Skorupi,,POISON,BUG,50,90,40,30,55,65,330,
Drapion,,POISON,DARK,90,110,70,60,75,95,500,
Croagunk,,POISON,FIGHTING,61,40,48,61,40,50,300,
Toxicroak,,POISON,FIGHTING,106,65,83,86,65,85,490,
Carnivine,,GRASS,,100,72,74,90,72,46,454,
Finneon,,WATER,,49,56,49,49,61,66,330,
Lumineon,,WATER,,69,76,69,69,86,91,460,
Mantyke,,WATER,FLYING,20,50,45,60,120,50,345,
Snover,,GRASS,ICE,62,50,60,62,60,40,334,
Abomasnow,,GRASS,ICE,92,75,90,92,85,60,494,
Abomasnow,Mega Abomasnow,GRASS,ICE,132,105,90,132,105,30,594,
Weavile,,DARK,ICE,120,65,70,45,85,125,510,
Magnezone,,ELECTRIC,STEEL,70,115,70,130,90,60,535,
Lickilicky,,NORMAL,,85,95,110,80,95,50,515,
Rhyperior,,GROUND,ROCK,140,130,115,55,55,40,535,
Tangrowth,,GRASS,,100,125,100,110,50,50,535,
Electivire,,ELECTRIC,,123,67,75,95,85,95,540,
Magmortar,,FIRE,,95,67,75,125,95,83,540,
Togekiss,,FAIRY,FLYING,50,95,85,120,115,80,545,
Yanmega,,BUG,FLYING,76,86,86,116,56,95,515,
Leafeon,,GRASS,,110,130,65,60,65,95,525,
Glaceon,,ICE,,60,110,65,130,95,65,525,
Gliscor,,GROUND,FLYING,95,125,75,45,75,95,510,
Mamoswine,,ICE,GROUND,130,80,110,70,60,80,530,
Porygon-Z,,NORMAL,,80,70,85,135,75,90,535,
Gallade,,PSYCHIC,FIGHTING,125,65,68,65,115,80,518,
Gallade,Mega Gallade,PSYCHIC,FIGHTING,165,95,68,65,115,110,618,
Probopass,,ROCK,STEEL,55,145,60,75,150,40,525,
Dusknoir,,GHOST,,100,135,45,65,135,45,525,
Froslass,,ICE,GHOST,80,70,70,80,70,110,480,
Rotom,,ELECTRIC,GHOST,50,77,50,95,77,91,440,
Rotom,Heat Rotom,ELECTRIC,FIRE,65,107,50,105,107,86,520,
Rotom,Wash Rotom,ELECTRIC,WATER,65,107,50,105,107,86,520,
Rotom,Frost Rotom,ELECTRIC,ICE,65,107,50,105,107,86,520,
Rotom,Fan Rotom,ELECTRIC,FLYING,65,107,50,105,107,86,520,
Rotom,Mow Rotom,ELECTRIC,GRASS,65,107,50,105,107,86,520,
Uxie,,PSYCHIC,,75,130,75,75,130,95,580,Yes
Mesprit,,PSYCHIC,,105,105,80,105,105,80,580,Yes
Azelf,,PSYCHIC,,125,70,75,125,70,115,580,Yes
Dialga,,STEEL,DRAGON,120,120,100,150,100,90,680,Yes
Palkia,,WATER,DRAGON,120,100,90,150,120,100,680,Yes
Heatran,,FIRE,STEEL,90,106,91,130,106,77,600,Yes
Regigigas,,NORMAL,,160,110,110,80,110,100,670,Yes
Giratina,Altered Forme,GHOST,DRAGON,100,120,150,100,120,90,680,Yes
Giratina,Origin Forme,GHOST,DRAGON,120,100,150,120,100,90,680,Yes
Cresselia,,PSYCHIC,,70,120,120,75,130,85,600,Yes
Phione,,WATER,,80,80,80,80,80,80,480,Yes
Manaphy,,WATER,,100,100,100,100,100,100,600,Yes
Darkrai,,DARK,,90,90,70,135,90,125,600,Yes
Shaymin,Land Forme,GRASS,,100,100,100,100,100,100,600,Yes
Shaymin,Sky Forme,GRASS,FLYING,103,75,100,120,75,127,600,Yes
Arceus,,NORMAL,,120,120,120,120,120,120,720,Yes
Victini,,PSYCHIC,FIRE,100,100,100,100,100,100,600,Yes
Snivy,,GRASS,,45,55,45,45,55,63,308,
Servine,,GRASS,,60,75,60,60,75,83,413,
Serperior,,GRASS,,75,95,75,75,95,113,528,
Tepig,,FIRE,,63,45,65,45,45,45,308,
Pignite,,FIRE,FIGHTING,93,55,90,70,55,55,418,
Emboar,,FIRE,FIGHTING,123,65,110,100,65,65,528,
Oshawott,,WATER,,55,45,55,63,45,45,308,
Dewott,,WATER,,75,60,75,83,60,60,413,
Samurott,,WATER,,100,85,95,108,70,70,528,
Patrat,,NORMAL,,55,39,45,35,39,42,255,
Watchog,,NORMAL,,85,69,60,60,69,77,420,
Lillipup,,NORMAL,,60,45,45,25,45,55,275,
Herdier,,NORMAL,,80,65,65,35,65,60,370,
Stoutland,,NORMAL,,110,90,85,45,90,80,500,
Purrloin,,DARK,,50,37,41,50,37,66,281,
Liepard,,DARK,,88,50,64,88,50,106,446,
Pansage,,GRASS,,53,48,50,53,48,64,316,
Simisage,,GRASS,,98,63,75,98,63,101,498,
Pansear,,FIRE,,53,48,50,53,48,64,316,
Simisear,,FIRE,,98,63,75,98,63,101,498,
Panpour,,WATER,,53,48,50,53,48,64,316,
Simipour,,WATER,,98,63,75,98,63,101,498,
Munna,,PSYCHIC,,25,45,76,67,55,24,292,
Musharna,,PSYCHIC,,55,85,116,107,95,29,487,
Pidove,,NORMAL,FLYING,55,50,50,36,30,43,264,
Tranquill,,NORMAL,FLYING,77,62,62,50,42,65,358,
Unfezant,,NORMAL,FLYING,115,80,80,65,55,93,488,
Blitzle,,ELECTRIC,,60,32,45,50,32,76,295,
Zebstrika,,ELECTRIC,,100,63,75,80,63,116,497,
Roggenrola,,ROCK,,75,85,55,25,25,15,280,
Boldore,,ROCK,,105,105,70,50,40,20,390,
Gigalith,,ROCK,,135,130,85,60,80,25,515,
Woobat,,PSYCHIC,FLYING,45,43,65,55,43,72,323,
Swoobat,,PSYCHIC,FLYING,57,55,67,77,55,114,425,
Drilbur,,GROUND,,85,40,60,30,45,68,328,
Excadrill,,GROUND,STEEL,135,60,110,50,65,88,508,
Audino,,NORMAL,,60,86,103,60,86,50,445,
Audino,Mega Audino,NORMAL,FAIRY,60,126,103,80,126,50,545,
Timburr,,FIGHTING,,80,55,75,25,35,35,305,
Gurdurr,,FIGHTING,,105,85,85,40,50,40,405,
Conkeldurr,,FIGHTING,,140,95,105,55,65,45,505,
Tympole,,WATER,,50,40,50,50,40,64,294,
Palpitoad,,WATER,GROUND,65,55,75,65,55,69,384,
Seismitoad,,WATER,GROUND,95,75,105,85,75,74,509,
Throh,,FIGHTING,,100,85,120,30,85,45,465,
Sawk,,FIGHTING,,125,75,75,30,75,85,465,
Sewaddle,,BUG,GRASS,53,70,45,40,60,42,310,
Swadloon,,BUG,GRASS,63,90,55,50,80,42,380,
Leavanny,,BUG,GRASS,103,80,75,70,80,92,500,
Venipede,,BUG,POISON,45,59,30,30,39,57,260,
Whirlipede,,BUG,POISON,55,99,40,40,79,47,360,
Scolipede,,BUG,POISON,100,89,60,55,69,112,485,
Cottonee,,GRASS,FAIRY,27,60,40,37,50,66,280,
Whimsicott,,GRASS,FAIRY,67,85,60,77,75,116,480,
Petilil,,GRASS,,35,50,45,70,50,30,280,
Lilligant,,GRASS,,60,75,70,110,75,90,480,
Basculin,Red-Striped Form,WATER,,92,65,70,80,55,98,460,
Basculin,Blue-Striped Form,WATER,,92,65,70,80,55,98,460,
Sandile,,GROUND,DARK,72,35,50,35,35,65,292,
Krokorok,,GROUND,DARK,82,45,60,45,45,74,351,
Krookodile,,GROUND,DARK,117,80,95,65,70,92,519,
Darumaka,,FIRE,,90,45,70,15,45,50,315,
Darumaka,Galarian Darumaka,ICE,,90,45,70,15,45,50,315,
Darmanitan,Standard Mode,FIRE,,140,55,105,30,55,95,480,
Darmanitan,Zen Mode,FIRE,PSYCHIC,30,105,105,140,105,55,540,
Darmanitan,Galarian Standard Mode,ICE,,140,55,105,30,55,95,480,
Darmanitan,Galarian Zen Mode,ICE,FIRE,160,55,105,30,55,135,540,
Maractus,,GRASS,,86,67,75,106,67,60,461,
Dwebble,,BUG,ROCK,65,85,50,35,35,55,325,
Crustle,,BUG,ROCK,105,125,70,65,75,45,485,
Scraggy,,DARK,FIGHTING,75,70,50,35,70,48,348,
Scrafty,,DARK,FIGHTING,90,115,65,45,115,58,488,
Sigilyph,,PSYCHIC,FLYING,58,80,72,103,80,97,490,
Yamask,,GHOST,,30,85,38,55,65,30,303,
Yamask,Galarian Yamask,GROUND,GHOST,55,85,38,30,65,30,303,
Cofagrigus,,GHOST,,50,145,58,95,105,30,483,
Tirtouga,,WATER,ROCK,78,103,54,53,45,22,355,
Carracosta,,WATER,ROCK,108,133,74,83,65,32,495,
Archen,,ROCK,FLYING,112,45,55,74,45,70,401,
Archeops,,ROCK,FLYING,140,65,75,112,65,110,567,
Trubbish,,POISON,,50,62,50,40,62,65,329,
Garbodor,,POISON,,95,82,80,60,82,75,474,
Zorua,,DARK,,65,40,40,80,40,65,330,
Zoroark,,DARK,,105,60,60,120,60,105,510,
Minccino,,NORMAL,,50,40,55,40,40,75,300,
Cinccino,,NORMAL,,95,60,75,65,60,115,470,
Gothita,,PSYCHIC,,30,50,45,55,65,45,290,
Gothorita,,PSYCHIC,,45,70,60,75,85,55,390,
Gothitelle,,PSYCHIC,,55,95,70,95,110,65,490,
Solosis,,PSYCHIC,,30,40,45,105,50,20,290,
Duosion,,PSYCHIC,,40,50,65,125,60,30,370,
Reuniclus,,PSYCHIC,,65,75,110,125,85,30,490,
Ducklett,,WATER,FLYING,44,50,62,44,50,55,305,
Swanna,,WATER,FLYING,87,63,75,87,63,98,473,
Vanillite,,ICE,,50,50,36,65,60,44,305,
Vanillish,,ICE,,65,65,51,80,75,59,395,
Vanilluxe,,ICE,,95,85,71,110,95,79,535,
Deerling,,NORMAL,GRASS,60,50,60,40,50,75,335,
Sawsbuck,,NORMAL,GRASS,100,70,80,60,70,95,475,
Emolga,,ELECTRIC,FLYING,75,60,55,75,60,103,428,
Karrablast,,BUG,,75,45,50,40,45,60,315,
Escavalier,,BUG,STEEL,135,105,70,60,105,20,495,
Foongus,,GRASS,POISON,55,45,69,55,55,15,294,
Amoonguss,,GRASS,POISON,85,70,114,85,80,30,464,
Frillish,,WATER,GHOST,40,50,55,65,85,40,335,
Jellicent,,WATER,GHOST,60,70,100,85,105,60,480,
Alomomola,,WATER,,75,80,165,40,45,65,470,
Joltik,,BUG,ELECTRIC,47,50,50,57,50,65,319,
Galvantula,,BUG,ELECTRIC,77,60,70,97,60,108,472,
Ferroseed,,GRASS,STEEL,50,91,44,24,86,10,305,
Ferrothorn,,GRASS,STEEL,94,131,74,54,116,20,489,
Klink,,STEEL,,55,70,40,45,60,30,300,
Klang,,STEEL,,80,95,60,70,85,50,440,
Klinklang,,STEEL,,100,115,60,70,85,90,520,
Tynamo,,ELECTRIC,,55,40,35,45,40,60,275,
Eelektrik,,ELECTRIC,,85,70,65,75,70,40,405,
Eelektross,,ELECTRIC,,115,80,85,105,80,50,515,
Elgyem,,PSYCHIC,,55,55,55,85,55,30,335,
Beheeyem,,PSYCHIC,,75,75,75,125,95,40,485,
Litwick,,GHOST,FIRE,30,55,50,65,55,20,275,
Lampent,,GHOST,FIRE,40,60,60,95,60,55,370,
Chandelure,,GHOST,FIRE,55,90,60,145,90,80,520,
Axew,,DRAGON,,87,60,46,30,40,57,320,
Fraxure,,DRAGON,,117,70,66,40,50,67,410,
Haxorus,,DRAGON,,147,90,76,60,70,97,540,
Cubchoo,,ICE,,70,40,55,60,40,40,305,
Beartic,,ICE,,130,80,95,70,80,50,505,
Cryogonal,,ICE,,50,50,80,95,135,105,515,
Shelmet,,BUG,,40,85,50,40,65,25,305,
Accelgor,,BUG,,70,40,80,100,60,145,495,
Stunfisk,,GROUND,ELECTRIC,66,84,109,81,99,32,471,
Stunfisk,Galarian Stunfisk,GROUND,STEEL,81,99,109,66,84,32,471,
Mienfoo,,FIGHTING,,85,50,45,55,50,65,350,
Mienshao,,FIGHTING,,125,60,65,95,60,105,510,
Druddigon,,DRAGON,,120,90,77,60,90,48,485,
Golett,,GROUND,GHOST,74,50,59,35,50,35,303,
Golurk,,GROUND,GHOST,124,80,89,55,80,55,483,
Pawniard,,DARK,STEEL,85,70,45,40,40,60,340,
Bisharp,,DARK,STEEL,125,100,65,60,70,70,490,
Bouffalant,,NORMAL,,110,95,95,40,95,55,490,
Rufflet,,NORMAL,FLYING,83,50,70,37,50,60,350,
Braviary,,NORMAL,FLYING,123,75,100,57,75,80,510,
Vullaby,,DARK,FLYING,55,75,70,45,65,60,370,
Mandibuzz,,DARK,FLYING,65,105,110,55,95,80,510,
Heatmor,,FIRE,,97,66,85,105,66,65,484,
Durant,,BUG,STEEL,109,112,58,48,48,109,484,
Deino,,DARK,DRAGON,65,50,52,45,50,38,300,
Zweilous,,DARK,DRAGON,85,70,72,65,70,58,420,
Hydreigon,,DARK,DRAGON,105,90,92,125,90,98,600,
Larvesta,,BUG,FIRE,85,55,55,50,55,60,360,
Volcarona,,BUG,FIRE,60,65,85,135,105,100,550,
Cobalion,,STEEL,FIGHTING,90,129,91,90,72,108,580,Yes
Terrakion,,ROCK,FIGHTING,129,90,91,72,90,108,580,Yes
Virizion,,GRASS,FIGHTING,90,72,91,90,129,108,580,Yes
Tornadus,Incarnate Forme,FLYING,,115,70,79,125,80,111,580,Yes
Tornadus,Therian Forme,FLYING,,100,80,79,110,90,121,580,Yes
Thundurus,Incarnate Forme,ELECTRIC,FLYING,115,70,79,125,80,111,580,Yes
Thundurus,Therian Forme,ELECTRIC,FLYING,105,70,79,145,80,101,580,Yes
Reshiram,,DRAGON,FIRE,120,100,100,150,120,90,680,Yes
Zekrom,,DRAGON,ELECTRIC,150,120,100,120,100,90,680,Yes
Landorus,Incarnate Forme,GROUND,FLYING,125,90,89,115,80,101,600,Yes
Landorus,Therian Forme,GROUND,FLYING,145,90,89,105,80,91,600,Yes
Kyurem,,DRAGON,ICE,130,90,125,130,90,95,660,Yes
Kyurem,Black Kyurem,DRAGON,ICE,170,100,125,120,90,95,700,Yes
Kyurem,White Kyurem,DRAGON,ICE,120,90,125,170,100,95,700,Yes
Keldeo,Ordinary Form,WATER,FIGHTING,72,90,91,129,90,108,580,Yes
Keldeo,Resolute Form,WATER,FIGHTING,72,90,91,129,90,108,580,Yes
Meloetta,Aria Forme,NORMAL,PSYCHIC,77,77,100,128,128,90,600,Yes
Meloetta,Pirouette Forme,NORMAL,FIGHTING,128,90,100,77,77,128,600,Yes
Genesect,,BUG,STEEL,120,95,71,120,95,99,600,Yes
Chespin,,GRASS,,61,65,56,48,45,38,313,
Quilladin,,GRASS,,78,95,61,56,58,57,405,
Chesnaught,,GRASS,FIGHTING,107,122,88,74,75,64,530,
Fennekin,,FIRE,,45,40,40,62,60,60,307,
Braixen,,FIRE,,59,58,59,90,70,73,409,
Delphox,,FIRE,PSYCHIC,69,72,75,114,100,104,534,
Froakie,,WATER,,56,40,41,62,44,71,314,
Frogadier,,WATER,,63,52,54,83,56,97,405,
Greninja,,WATER,DARK,95,67,72,103,71,122,530,
Greninja,Ash-Greninja,WATER,DARK,145,67,72,153,71,132,640,
Bunnelby,,NORMAL,,36,38,38,32,36,57,237,
Diggersby,,NORMAL,GROUND,56,77,85,50,77,78,423,
Fletchling,,NORMAL,FLYING,50,43,45,40,38,62,278,
Fletchinder,,FIRE,FLYING,73,55,62,56,52,84,382,
Talonflame,,FIRE,FLYING,81,71,78,74,69,126,499,
Scatterbug,,BUG,,35,40,38,27,25,35,200,
Spewpa,,BUG,,22,60,45,27,30,29,213,
Vivillon,,BUG,FLYING,52,50,80,90,50,89,411,
Litleo,,FIRE,NORMAL,50,58,62,73,54,72,369,
Pyroar,,FIRE,NORMAL,68,72,86,109,66,106,507,
FlabÔøΩÔø,,FAIRY,,38,39,44,61,79,42,303,
Floette,,FAIRY,,45,47,54,75,98,52,371,
Florges,,FAIRY,,65,68,78,112,154,75,552,
Skiddo,,GRASS,,65,48,66,62,57,52,350,
Gogoat,,GRASS,,100,62,123,97,81,68,531,
Pancham,,FIGHTING,,82,62,67,46,48,43,348,
Pangoro,,FIGHTING,DARK,124,78,95,69,71,58,495,
Furfrou,,NORMAL,,80,60,75,65,90,102,472,
Espurr,,PSYCHIC,,48,54,62,63,60,68,355,
Meowstic,Male,PSYCHIC,,48,76,74,83,81,104,466,
Meowstic,Female,PSYCHIC,,48,76,74,83,81,104,466,
Honedge,,STEEL,GHOST,80,100,45,35,37,28,325,
Doublade,,STEEL,GHOST,110,150,59,45,49,35,448,
Aegislash,Shield Forme,STEEL,GHOST,50,140,60,50,140,60,500,
Aegislash,Blade Forme,STEEL,GHOST,140,50,60,140,50,60,500,
Spritzee,,FAIRY,,52,60,78,63,65,23,341,
Aromatisse,,FAIRY,,72,72,101,99,89,29,462,
Swirlix,,FAIRY,,48,66,62,59,57,49,341,
Slurpuff,,FAIRY,,80,86,82,85,75,72,480,
Inkay,,DARK,PSYCHIC,54,53,53,37,46,45,288,
Malamar,,DARK,PSYCHIC,92,88,86,68,75,73,482,
Binacle,,ROCK,WATER,52,67,42,39,56,50,306,
Barbaracle,,ROCK,WATER,105,115,72,54,86,68,500,
Skrelp,,POISON,WATER,60,60,50,60,60,30,320,
Dragalge,,POISON,DRAGON,75,90,65,97,123,44,494,
Clauncher,,WATER,,53,62,50,58,63,44,330,
Clawitzer,,WATER,,73,88,71,120,89,59,500,
Helioptile,,ELECTRIC,NORMAL,38,33,44,61,43,70,289,
Heliolisk,,ELECTRIC,NORMAL,55,52,62,109,94,109,481,
Tyrunt,,ROCK,DRAGON,89,77,58,45,45,48,362,
Tyrantrum,,ROCK,DRAGON,121,119,82,69,59,71,521,
Amaura,,ROCK,ICE,59,50,77,67,63,46,362,
Aurorus,,ROCK,ICE,77,72,123,99,92,58,521,
Sylveon,,FAIRY,,65,65,95,110,130,60,525,
Hawlucha,,FIGHTING,FLYING,92,75,78,74,63,118,500,
Dedenne,,ELECTRIC,FAIRY,58,57,67,81,67,101,431,
Carbink,,ROCK,FAIRY,50,150,50,50,150,50,500,
Goomy,,DRAGON,,50,35,45,55,75,40,300,
Sliggoo,,DRAGON,,75,53,68,83,113,60,452,
Goodra,,DRAGON,,100,70,90,110,150,80,600,
Klefki,,STEEL,FAIRY,80,91,57,80,87,75,470,
Phantump,,GHOST,GRASS,70,48,43,50,60,38,309,
Trevenant,,GHOST,GRASS,110,76,85,65,82,56,474,
Pumpkaboo,Average Size,GHOST,GRASS,66,70,49,44,55,51,335,
Pumpkaboo,Small Size,GHOST,GRASS,66,70,44,44,55,56,335,
Pumpkaboo,Large Size,GHOST,GRASS,66,70,54,44,55,46,335,
Pumpkaboo,Super Size,GHOST,GRASS,66,70,59,44,55,41,335,
Gourgeist,Average Size,GHOST,GRASS,90,122,65,58,75,84,494,
Gourgeist,Small Size,GHOST,GRASS,85,122,55,58,75,99,494,
Gourgeist,Large Size,GHOST,GRASS,95,122,75,58,75,69,494,
Gourgeist,Super Size,GHOST,GRASS,100,122,85,58,75,54,494,
Bergmite,,ICE,,69,85,55,32,35,28,304,
Avalugg,,ICE,,117,184,95,44,46,28,514,
Noibat,,FLYING,DRAGON,30,35,40,45,40,55,245,
Noivern,,FLYING,DRAGON,70,80,85,97,80,123,535,
Xerneas,,FAIRY,,131,95,126,131,98,99,680,
Yveltal,,DARK,FLYING,131,95,126,131,98,99,680,
Zygarde,50% Forme,DRAGON,GROUND,100,121,108,81,95,95,600,
Zygarde,10% Forme,DRAGON,GROUND,100,71,54,61,85,115,486,
Zygarde,Complete Forme,DRAGON,GROUND,100,121,216,91,95,85,708,
Diancie,,ROCK,FAIRY,100,150,50,100,150,50,600,
Diancie,Mega Diancie,ROCK,FAIRY,160,110,50,160,110,110,700,
Hoopa,Hoopa Confined,PSYCHIC,GHOST,110,60,80,150,130,70,600,
Hoopa,Hoopa Unbound,PSYCHIC,DARK,160,60,80,170,130,80,680,
Volcanion,,FIRE,WATER,110,120,80,130,90,70,600,
Rowlet,,GRASS,FLYING,55,55,68,50,50,42,320,
Dartrix,,GRASS,FLYING,75,75,78,70,70,52,420,
Decidueye,,GRASS,GHOST,107,75,78,100,100,70,530,
Litten,,FIRE,,65,40,45,60,40,70,320,
Torracat,,FIRE,,85,50,65,80,50,90,420,
Incineroar,,FIRE,DARK,115,90,95,80,90,60,530,
Popplio,,WATER,,54,54,50,66,56,40,320,
Brionne,,WATER,,69,69,60,91,81,50,420,
Primarina,,WATER,FAIRY,74,74,80,126,116,60,530,
Pikipek,,NORMAL,FLYING,75,30,35,30,30,65,265,
Trumbeak,,NORMAL,FLYING,85,50,55,40,50,75,355,
Toucannon,,NORMAL,FLYING,120,75,80,75,75,60,485,
Yungoos,,NORMAL,,70,30,48,30,30,45,253,
Gumshoos,,NORMAL,,110,60,88,55,60,45,418,
Grubbin,,BUG,,62,45,47,55,45,46,300,
Charjabug,,BUG,ELECTRIC,82,95,57,55,75,36,400,
Vikavolt,,BUG,ELECTRIC,70,90,77,145,75,43,500,
Crabrawler,,FIGHTING,,82,57,47,42,47,63,338,
Crabominable,,FIGHTING,ICE,132,77,97,62,67,43,478,
Oricorio,Baile Style,FIRE,FLYING,70,70,75,98,70,93,476,
Oricorio,Pom-Pom Style,ELECTRIC,FLYING,70,70,75,98,70,93,476,
Oricorio,Pa'u Style,PSYCHIC,FLYING,70,70,75,98,70,93,476,
Oricorio,Sensu Style,GHOST,FLYING,70,70,75,98,70,93,476,
Cutiefly,,BUG,FAIRY,45,40,40,55,40,84,304,
Ribombee,,BUG,FAIRY,55,60,60,95,70,124,464,
Rockruff,,ROCK,,65,40,45,30,40,60,280,
Rockruff,Own Tempo Rockruff,ROCK,,65,40,45,30,40,60,280,
Lycanroc,Midday Form,ROCK,,115,65,75,55,65,112,487,
Lycanroc,Midnight Form,ROCK,,115,75,85,55,75,82,487,
Lycanroc,Dusk Form,ROCK,,117,65,75,55,65,110,487,
Wishiwashi,Solo Form,WATER,,20,20,45,25,25,40,175,
Wishiwashi,School Form,WATER,,140,130,45,140,135,30,620,
Mareanie,,POISON,WATER,53,62,50,43,52,45,305,
Toxapex,,POISON,WATER,63,152,50,53,142,35,495,
Mudbray,,GROUND,,100,70,70,45,55,45,385,
Mudsdale,,GROUND,,125,100,100,55,85,35,500,
Dewpider,,WATER,BUG,40,52,38,40,72,27,269,
Araquanid,,WATER,BUG,70,92,68,50,132,42,454,
Fomantis,,GRASS,,55,35,40,50,35,35,250,
Lurantis,,GRASS,,105,90,70,80,90,45,480,
Morelull,,GRASS,FAIRY,35,55,40,65,75,15,285,
Shiinotic,,GRASS,FAIRY,45,80,60,90,100,30,405,
Salandit,,POISON,FIRE,44,40,48,71,40,77,320,
Salazzle,,POISON,FIRE,64,60,68,111,60,117,480,
Stufful,,NORMAL,FIGHTING,75,50,70,45,50,50,340,
Bewear,,NORMAL,FIGHTING,125,80,120,55,60,60,500,
Bounsweet,,GRASS,,30,38,42,30,38,32,210,
Steenee,,GRASS,,40,48,52,40,48,62,290,
Tsareena,,GRASS,,120,98,72,50,98,72,510,
Comfey,,FAIRY,,52,90,51,82,110,100,485,
Oranguru,,NORMAL,PSYCHIC,60,80,90,90,110,60,490,
Passimian,,FIGHTING,,120,90,100,40,60,80,490,
Wimpod,,BUG,WATER,35,40,25,20,30,80,230,
Golisopod,,BUG,WATER,125,140,75,60,90,40,530,
Sandygast,,GHOST,GROUND,55,80,55,70,45,15,320,
Palossand,,GHOST,GROUND,75,110,85,100,75,35,480,
Pyukumuku,,WATER,,60,130,55,30,130,5,410,
Type: Null,,NORMAL,,95,95,95,95,95,59,534,
Silvally,,NORMAL,,95,95,95,95,95,95,570,
Minior,Meteor Form,ROCK,FLYING,60,100,60,60,100,60,440,
Minior,Core Form,ROCK,FLYING,100,60,60,100,60,120,500,
Komala,,NORMAL,,115,65,65,75,95,65,480,
Turtonator,,FIRE,DRAGON,78,135,60,91,85,36,485,
Togedemaru,,ELECTRIC,STEEL,98,63,65,40,73,96,435,
Mimikyu,,GHOST,FAIRY,90,80,55,50,105,96,476,
Bruxish,,WATER,PSYCHIC,105,70,68,70,70,92,475,
Drampa,,NORMAL,DRAGON,60,85,78,135,91,36,485,
Dhelmise,,GHOST,GRASS,131,100,70,86,90,40,517,
Jangmo-o,,DRAGON,,55,65,45,45,45,45,300,
Hakamo-o,,DRAGON,FIGHTING,75,90,55,65,70,65,420,
Kommo-o,,DRAGON,FIGHTING,110,125,75,100,105,85,600,
Tapu Koko,,ELECTRIC,FAIRY,115,85,70,95,75,130,570,Yes
Tapu Lele,,PSYCHIC,FAIRY,85,75,70,130,115,95,570,Yes
Tapu Bulu,,GRASS,FAIRY,130,115,70,85,95,75,570,Yes
Tapu Fini,,WATER,FAIRY,75,115,70,95,130,85,570,Yes
Cosmog,,PSYCHIC,,29,31,43,29,31,37,200,Yes
Cosmoem,,PSYCHIC,,29,131,43,29,131,37,400,Yes
Solgaleo,,PSYCHIC,STEEL,137,107,137,113,89,97,680,Yes
Lunala,,PSYCHIC,GHOST,113,89,137,137,107,97,680,Yes
Nihilego,,ROCK,POISON,53,47,109,127,131,103,570,
Buzzwole,,BUG,FIGHTING,139,139,107,53,53,79,570,
Pheromosa,,BUG,FIGHTING,137,37,71,137,37,151,570,
Xurkitree,,ELECTRIC,,89,71,83,173,71,83,570,
Celesteela,,STEEL,FLYING,101,103,97,107,101,61,570,
Kartana,,GRASS,STEEL,181,131,59,59,31,109,570,
Guzzlord,,DARK,DRAGON,101,53,223,97,53,43,570,
Necrozma,,PSYCHIC,,107,101,97,127,89,79,600,Yes
Necrozma,Dusk Mane Necrozma,PSYCHIC,STEEL,157,127,97,113,109,77,680,Yes
Necrozma,Dawn Wings Necrozma,PSYCHIC,GHOST,113,109,97,157,127,77,680,Yes
Necrozma,Ultra Necrozma,PSYCHIC,DRAGON,167,97,97,167,97,129,754,Yes
Magearna,,STEEL,FAIRY,95,115,80,130,115,65,600,Yes
Marshadow,,FIGHTING,GHOST,125,80,90,90,90,125,600,Yes
Poipole,,POISON,,73,67,67,73,67,73,420,Yes
Naganadel,,POISON,DRAGON,73,73,73,127,73,121,540,Yes
Stakataka,,ROCK,STEEL,131,211,61,53,101,13,570,Yes
Blacephalon,,FIRE,GHOST,127,53,53,151,79,107,570,Yes
Zeraora,,ELECTRIC,,112,75,88,102,80,143,600,Yes
Meltan,,STEEL,,65,65,46,55,35,34,300,Yes
Melmetal,,STEEL,,143,143,135,80,65,34,600,Yes
Grookey,,GRASS,,65,50,50,40,40,65,310,
Thwackey,,GRASS,,85,70,70,55,60,80,420,
Rillaboom,,GRASS,,125,90,100,60,70,85,530,
Scorbunny,,FIRE,,71,40,50,40,40,69,310,
Raboot,,FIRE,,86,60,65,55,60,94,420,
Cinderace,,FIRE,,116,75,80,65,75,119,530,
Sobble,,WATER,,40,40,50,70,40,70,310,
Drizzile,,WATER,,60,55,65,95,55,90,420,
Inteleon,,WATER,,85,65,70,125,65,120,530,
Skwovet,,NORMAL,,55,55,70,35,35,25,275,
Greedent,,NORMAL,,95,95,120,55,75,20,460,
Rookidee,,FLYING,,47,35,38,33,35,57,245,
Corvisquire,,FLYING,,67,55,68,43,55,77,365,
Corviknight,,FLYING,STEEL,87,105,98,53,85,67,495,
Blipbug,,BUG,,20,20,25,25,45,45,180,
Dottler,,BUG,PSYCHIC,35,80,50,50,90,30,335,
Orbeetle,,BUG,PSYCHIC,45,110,60,80,120,90,505,
Nickit,,DARK,,28,28,40,47,52,50,245,
Thievul,,DARK,,58,58,70,87,92,90,455,
Gossifleur,,GRASS,,40,60,40,40,60,10,250,
Eldegoss,,GRASS,,50,90,60,80,120,60,460,
Wooloo,,NORMAL,,40,55,42,40,45,48,270,
Dubwool,,NORMAL,,80,100,72,60,90,88,490,
Chewtle,,WATER,,64,50,50,38,38,44,284,
Drednaw,,WATER,ROCK,115,90,90,48,68,74,485,
Yamper,,ELECTRIC,,45,50,59,40,50,26,270,
Boltund,,ELECTRIC,,90,60,69,90,60,121,490,
Rolycoly,,ROCK,,40,50,30,40,50,30,240,
Carkol,,ROCK,FIRE,60,90,80,60,70,50,410,
Coalossal,,ROCK,FIRE,80,120,110,80,90,30,510,
Applin,,GRASS,DRAGON,40,80,40,40,40,20,260,
Flapple,,GRASS,DRAGON,110,80,70,95,60,70,485,
Appletun,,GRASS,DRAGON,85,80,110,100,80,30,485,
Silicobra,,GROUND,,57,75,52,35,50,46,315,
Sandaconda,,GROUND,,107,125,72,65,70,71,510,
Cramorant,,FLYING,WATER,85,55,70,85,95,85,475,
Arrokuda,,WATER,,63,40,41,40,30,66,280,
Barraskewda,,WATER,,123,60,61,60,50,136,490,
Toxel,,ELECTRIC,POISON,38,35,40,54,35,40,242,
Toxtricity,Low Key Form,ELECTRIC,POISON,98,70,75,114,70,75,502,
Toxtricity,Amped Form,ELECTRIC,POISON,98,70,75,114,70,75,502,
Sizzlipede,,FIRE,BUG,65,45,50,50,50,45,305,
Centiskorch,,FIRE,BUG,115,65,100,90,90,65,525,
Clobbopus,,FIGHTING,,68,60,50,50,50,32,310,
Grapploct,,FIGHTING,,118,90,80,70,80,42,480,
Sinistea,,GHOST,,45,45,40,74,54,50,308,
Polteageist,,GHOST,,65,65,60,134,114,70,508,
Hatenna,,PSYCHIC,,30,45,42,56,53,39,265,
Hattrem,,PSYCHIC,,40,65,57,86,73,49,370,
Hatterene,,PSYCHIC,FAIRY,90,95,57,136,103,29,510,
Impidimp,,DARK,FAIRY,45,30,45,55,40,50,265,
Morgrem,,DARK,FAIRY,60,45,65,75,55,70,370,
Grimmsnarl,,DARK,FAIRY,120,65,95,95,75,60,510,
Obstagoon,,DARK,NORMAL,90,101,93,60,81,95,520,
Perrserker,,STEEL,,110,100,70,50,60,50,440,
Cursola,,GHOST,,95,50,60,145,130,30,510,
Sirfetch'd,,FIGHTING,,135,95,62,68,82,65,507,
Mr. Rime,,ICE,PSYCHIC,85,75,80,110,100,70,520,
Runerigus,,GROUND,GHOST,95,145,58,50,105,30,483,
Milcery,,FAIRY,,40,40,45,50,61,34,270,
Alcremie,,FAIRY,,60,75,65,110,121,64,495,
Falinks,,FIGHTING,,100,100,65,70,60,75,470,
Pincurchin,,ELECTRIC,,101,95,48,91,85,15,435,
Snom,,ICE,BUG,25,35,30,45,30,20,185,
Frosmoth,,ICE,BUG,65,60,70,125,90,65,475,
Stonjourner,,ROCK,,125,135,100,20,20,70,470,
Eiscue,Ice Face,ICE,,80,110,75,65,90,50,470,
Eiscue,Noice Face,ICE,,80,70,75,65,50,130,470,
Indeedee,Male,PSYCHIC,NORMAL,65,55,60,105,95,95,475,
Indeedee,Female,PSYCHIC,NORMAL,55,65,70,95,105,85,475,
Morpeko,Full Belly Mode,ELECTRIC,DARK,95,58,58,70,58,97,436,
Morpeko,Hangry Mode,ELECTRIC,DARK,95,58,58,70,58,97,436,
Cufant,,STEEL,,80,49,72,40,49,40,330,
Copperajah,,STEEL,,130,69,122,80,69,30,500,
Dracozolt,,ELECTRIC,DRAGON,100,90,90,80,70,75,505,
Arctozolt,,ELECTRIC,ICE,100,90,90,90,80,55,505,
Dracovish,,WATER,DRAGON,90,100,90,70,80,75,505,
Arctovish,,WATER,ICE,90,100,90,80,90,55,505,
Duraludon,,STEEL,DRAGON,95,115,70,120,50,85,535,
Dreepy,,DRAGON,GHOST,60,30,28,40,30,82,270,
Drakloak,,DRAGON,GHOST,80,50,68,60,50,102,410,
Dragapult,,DRAGON,GHOST,120,75,88,100,75,142,600,
Zacian,Crowned Sword,FAIRY,STEEL,170,115,92,80,115,148,720,Yes
Zacian,Hero of Many Battles,FAIRY,,130,115,92,80,115,138,670,Yes
Zamazenta,Crowned Shield,FIGHTING,STEEL,130,145,92,80,145,128,720,Yes
Zamazenta,Hero of Many Battles,FIGHTING,,130,115,92,80,115,138,670,Yes
Eternatus,,POISON,DRAGON,85,95,140,145,95,130,690,Yes
Eternatus,Eternamax,POISON,DRAGON,115,250,255,125,250,130,1125,Yes
Kubfu,,FIGHTING,,90,60,60,53,50,72,385,Yes
Urshifu,Single Strike Style,FIGHTING,DARK,130,100,100,63,60,97,550,Yes
Urshifu,Rapid Strike Style,FIGHTING,WATER,130,100,100,63,60,97,550,Yes
Zarude,,DARK,GRASS,120,105,105,70,95,105,600,Yes
Regieleki,,ELECTRIC,,100,50,80,100,50,200,580,Yes
Regidrago,,DRAGON,,100,50,200,100,50,80,580,Yes
Glastrier,,ICE,,145,130,100,65,110,30,580,Yes
Spectrier,,GHOST,,65,60,100,145,80,130,580,Yes
Calyrex,,PSYCHIC,GRASS,80,80,100,80,80,80,500,Yes
Calyrex,Ice Rider,PSYCHIC,ICE,165,150,100,85,130,50,680,Yes
Calyrex,Shadow Rider,PSYCHIC,GHOST,85,80,100,165,100,150,680,Yes